,Volcano,SampleID,sample_RMSE_to_regression
1,Aguilera,PROXAVZ1-A1-93-03,1.394302756
6,Antillanca-Casablanca,CLD238H,0.20975576
7,Antillanca-Casablanca,CLD238I,0.191961957
8,Antillanca-Casablanca,CLD238J,0.158059826
9,Antillanca-Casablanca,CLD238K,0.163779364
10,Antillanca-Casablanca,CLD248C,0.096641448
11,Antillanca-Casablanca,CLD248D,0.119302516
12,Antillanca-Casablanca,CLD256A,0.123227369
17,Antillanca-Casablanca,CLD241H,0.094189839
18,Antillanca-Casablanca,CLD246A,0.283599706
20,Apagado,N115,0.259816458
21,Apagado,N96/8,0.146543161
22,Apagado,V149,0.15962412
23,Apagado,Ap1,0.120225703
24,Caburga-Huelemolle,CLD041C,0.296331261
25,Caburga-Huelemolle,CLD042A,0.335946401
26,Caburga-Huelemolle,CLD043A,0.210223183
27,Caburga-Huelemolle,CLD044A,0.381661709
28,Caburga-Huelemolle,LR0901B-T6-61,0.129570561
29,Caburga-Huelemolle,LR0901B-T7-3,0.495864793
30,Caburga-Huelemolle,VILLAR1C-I-82,0.64746119
31,Caburga-Huelemolle,VILLAR1C-I-94,0.04855255
32,Calbuco,CLD340A,0.753533819
33,Calbuco,CLD340C,0.657551931
34,Calbuco,CLD341A,0.568109549
48,Chaitén,Ant-1,0.110488044
49,Chaitén,20-2C,0.086634529
50,Chaitén,9J13S5-T2,0.103998345
51,Chaitén,CLD342A,0.106324836
52,Chaitén,26-8B,0.115943277
53,Chaitén,LAZ-T13,0.184944794
54,Chaitén,AT3-T6,0.12846093
55,Chaitén,LR0901B-T6-48,0.117665086
56,Chaitén,Cha-1 (sensu stricto) lower,0.197141554
57,Chaitén,Cha-1 (sensu stricto) upper,0.288782714
58,Chaitén,8J13S2-T2,0.129958313
59,Chaitén,Pum-4-8,0.166310183
60,Chaitén,Ralún,0.032627719
61,Chaitén,Raya-1,0.212757899
62,Chaitén,VILLAR1C-I-41.5,0.141021498
63,Chaitén,13-1C,0.085363998
64,Chaitén,825-2A,0.074734947
65,Chaitén,F2-e,0.182824946
66,Chaitén,SC-T3,0.119262316
67,Chaitén,SC-T4,0.102192637
68,Chaitén,Pum-2-2,0.090805472
69,Chaitén,Pum-4-6,0.109210269
70,Chaitén,Pum-2-10,0.182922287
71,Chaitén,Pum-4-3,0.234015856
72,Chaitén,Cha 2008,0.180678011
73,Chaitén,SC-T1,0.102105184
74,Chaitén,1101SC1 7-8 cm,0.137505766
75,Chaitén,1101SC1 8-9 cm,0.175225156
76,Chaitén,Pum-2-1,0.0884963
77,Chaitén,S2-20-02-2009,0.362664906
78,Chaitén,S3-20-02-2009,0.282501605
79,Chaitén,S5-21-02-2009,0.115028742
80,Chaitén,S9-04-05-2008,0.036162246
81,Chaitén,GPS19-10-06-2008,0.541623192
82,Chaitén,Tobogán-10-06-2008,0.283476747
83,Chaitén,Trevelín3-08-05-2008,0.091603589
84,Chaitén,Trevelín4-12-05-2008,0.067983707
85,Chaitén,Trevelín5-14-05-2008,0.08039255
86,Chaitén,Bariloche-1-07-05-2008,0.040585846
87,Chaitén,CorFruta-04-05-2008,0.107865717
88,Chaitén,ElCelta-03-05-2008,0.056899079
89,Chaitén,Epuyen-06-05-2008,0.070334098
90,Chaitén,Esquel-05-05-2008,0.063061807
91,Chaitén,Nalca-31-05-2008,0.181406225
92,Chaitén,F2-d,0.208429556
93,Chaitén,SC-T6,0.143316941
94,Chaitén,Pum-2-6,0.109915441
95,Hornopirén,N70,0.126906192
96,Hornopirén,V94,0.165953065
105,Hudson,AR-1F,0.178153224
106,Hudson,EO-1B,0.097832897
107,Hudson,EO-2H,0.095431118
108,Hudson,B-3,0.110859574
109,Hudson,B-4,0.127358564
110,Hudson,Opr-5,0.608386682
111,Hudson,ROH-2C,0.189635346
112,Hudson,PROXAVZ1-H1-93-21G,0.123127423
113,Hudson,PROXAVZ1-H1-RI-16,0.193911003
114,Hudson,90-12,0.248360334
115,Hudson,90-14,0.015069099
116,Hudson,90-23G (Glass shards),0.158893536
117,Hudson,Mir-1,0.418211913
118,Hudson,AVZ3-H2Q-60-85,0.257165238
119,Hudson,H2-Q_60-85,0.241190031
120,Hudson,H2-E_0-30,0.230828714
121,Hudson,67-74 cm,0.028020993
122,Hudson,110-2,0.098308831
123,Hudson,110-3,0.620547544
124,Hudson,209,0.405861967
125,Hudson,207b,0.175740112
126,Hudson,208a,0.059428023
127,Hudson,210a,0.379358629
128,Hudson,210B,0.115367928
129,Hudson,Fac-1,0.373496539
130,Hudson,Lin-1,0.725658513
131,Hudson,Lof-1,1.338829918
132,Hudson,Opr-1,0.464933506
133,Hudson,3088-800,0.303623132
134,Hudson,Lin-2,0.42555801
135,Hudson,Lof-2,1.049162914
136,Hudson,Six-1,0.303579905
137,Hudson,Stb-1,0.217496106
138,Hudson,3088-750,0.288236542
139,Hudson,Fac-2,0.393129863
140,Hudson,Lin-3,0.61049193
141,Hudson,Lof-4,0.472501348
142,Hudson,Opr-3,0.465160722
143,Hudson,Opr-4,1.000609064
144,Hudson,Six-2,0.266322529
145,Hudson,Stb-2,0.302133613
146,Hudson,380-660,0.254977611
147,Hudson,Lin-4,0.690654882
148,Hudson,Mar-01,0.184150229
149,Hudson,Mir-2,0.248432165
150,Hudson,Opr-7,0.472220264
151,Hudson,Six-3,0.252925248
152,Hudson,Stb-3,0.185524101
153,Hudson,Mar-02,0.602607792
154,Hudson,Mir-3,0.125731856
155,Hudson,Opr-8,0.566474884
156,Hudson,Stb-4,0.271044951
157,Hudson,3088-160,0.357795177
158,Hudson,T1/100,0.176334267
159,Lanín,CLD406F,0.314685501
160,Lanín,CLD406A,0.635990632
162,Lautaro,Laut-VER17,0.34644168
163,Lautaro,Laut-GEM10,0.353168092
164,Lautaro,Laut-VER7,0.339474493
166,Llaima,8LM-339_A1,0.017875679
167,Llaima,8LM-339_A11,0.081478392
168,Llaima,8LM-339_A11m,0.168303214
169,Llaima,8LM-339_A15,0.105601367
170,Llaima,8LM-339_A17,0.145920068
171,Llaima,8LM-339_A19,0.255391743
172,Llaima,8LM-339_A19m,0.195645909
173,Llaima,8LM-339_A1b,0.1000674
174,Llaima,8LM-339_A1m,0.152601027
175,Llaima,8LM-339_A20,0.10634939
176,Llaima,8LM-339_A20m,0.155215885
177,Llaima,8LM-339_A21,0.226340314
178,Llaima,8LM-339_A22,0.040440792
179,Llaima,8LM-339_A22m,0.069107992
180,Llaima,8LM-339_A26,0.103586693
181,Llaima,8LM-339_A27,0.021362328
182,Llaima,8LM-339_A29,0.150749783
183,Llaima,8LM-339_A29b,0.115184893
184,Llaima,8LM-339_A32,0.069090601
185,Llaima,8LM-339_A32m,0.42074538
186,Llaima,8LM-339_A32m2,0.076290203
187,Llaima,8LM-339_A34,0.095731051
188,Llaima,8LM-339_A34m,0.181366532
189,Llaima,8LM-339_A34m2,0.136743495
190,Llaima,8LM-339_A41,0.107580033
191,Llaima,8LM-339_A41b,0.040857118
192,Llaima,8LM-339_A41c,0.061257618
193,Llaima,8LM-339_A43,0.125491761
194,Llaima,8LM-339_A43m,0.013763719
195,Llaima,8LM-339_A43m2,0.058578436
196,Llaima,8LM-339_A44,0.086184835
197,Llaima,8LM-339_A44b,0.069711235
198,Llaima,8LM-339_A7m,0.089087091
199,Llaima,8LM-339_A9,0.134794146
200,Llaima,8LM-339_A9b,0.047724903
201,Llaima,8LM-339_A9c,0.157680715
202,Llaima,8LM-339_B10,0.001951942
203,Llaima,8LM-339_B10_2,0.06154838
204,Llaima,8LM-339_B10_3,0.034796205
205,Llaima,8LM-339_B10_4,0.017681772
206,Llaima,8LM-339_B10b,0.079854418
207,Llaima,8LM-339_B10m,0.062135439
208,Llaima,8LM-339_B17,0.112388105
209,Llaima,8LM-339_B19,0.130568017
210,Llaima,8LM-339_B19m1,0.035370546
211,Llaima,8LM-339_B19m2,0.292093103
212,Llaima,8LM-339_B2,0.022701909
213,Llaima,8LM-339_B20,0.031190322
214,Llaima,8LM-339_B20c,0.359011357
215,Llaima,8LM-339_B23,0.334144975
216,Llaima,8LM-339_B23b,0.113283039
217,Llaima,8LM-339_B23c,0.0421868
218,Llaima,8LM-339_B23d,0.021174316
219,Llaima,8LM-339_B23e,0.409560214
220,Llaima,8LM-339_B24,0.095913746
221,Llaima,8LM-339_B29,0.307819717
222,Llaima,8LM-339_B31,0.056804086
223,Llaima,8LM-339_B31b,0.127968661
224,Llaima,8LM-339_B34,0.208704934
225,Llaima,8LM-339_B36,0.187573934
226,Llaima,8LM-339_B7,0.24147581
227,Llaima,8LM-339_B9,0.040736791
228,Llaima,8LM-339_C1,0.064936898
229,Llaima,8LM-339_C13,0.068429947
230,Llaima,8LM-339_C16,0.046317801
231,Llaima,8LM-339_C17,0.061507754
232,Llaima,8LM-339_C19,0.151474991
233,Llaima,8LM-339_C22_1,0.159909065
234,Llaima,8LM-339_C22_2,0.006135048
235,Llaima,8LM-339_C22_3,0.034023682
236,Llaima,8LM-339_C22_4,0.118214191
237,Llaima,8LM-339_C22b,0.018750091
238,Llaima,8LM-339_C7,0.211784664
239,Llaima,8LM-338_A10m,0.313441699
240,Llaima,8LM-338_A10m2,0.084578988
241,Llaima,8LM-338_A10m3,0.116740147
242,Llaima,8LM-338_A15,0.124900554
243,Llaima,8LM-338_A15b,0.093434143
244,Llaima,8LM-338_A15c,0.125180574
245,Llaima,8LM-338_A16,0.06812011
246,Llaima,8LM-338_A17,0.102995558
247,Llaima,8LM-338_A17b,0.045435872
248,Llaima,8LM-338_A22,0.15388949
249,Llaima,8LM-338_A25,0.064548289
250,Llaima,8LM-338_A25m,0.051170031
251,Llaima,8LM-338_A29,0.059724379
252,Llaima,8LM-338_A29b,0.03087498
253,Llaima,8LM-338_A29c,0.140880297
254,Llaima,8LM-338_A3,0.023781332
255,Llaima,8LM-338_A31,0.189921463
256,Llaima,8LM-338_A31b,0.080976
257,Llaima,8LM-338_A31m,0.126628693
258,Llaima,8LM-338_A32,0.051178436
259,Llaima,8LM-338_A32b,0.071392008
260,Llaima,8LM-338_A32c,0.043905122
261,Llaima,8LM-338_A32d,0.095233865
262,Llaima,8LM-338_A35m,0.131918191
263,Llaima,8LM-338_A37,0.037004314
264,Llaima,8LM-338_A3b,0.152033708
265,Llaima,8LM-338_B1,0.136525264
266,Llaima,8LM-338_B11,0.102139943
267,Llaima,8LM-338_B12,0.129635399
268,Llaima,8LM-338_B14,0.067279696
269,Llaima,8LM-338_B14b,0.147775705
270,Llaima,8LM-338_B14m,0.058903548
271,Llaima,8LM-338_B15,0.086150614
272,Llaima,8LM-338_B15b,0.263163058
273,Llaima,8LM-338_B15c,0.176568526
274,Llaima,8LM-338_B15d,0.317367645
275,Llaima,8LM-338_B15e,0.007917863
276,Llaima,8LM-338_B15f,0.100813147
277,Llaima,8LM-338_B15m,0.116867323
278,Llaima,8LM-338_B15m2,0.033528807
279,Llaima,8LM-338_B16,0.017753418
280,Llaima,8LM-338_B16m1,0.120767139
281,Llaima,8LM-338_B16m2,0.043243947
282,Llaima,8LM-338_B16m3,0.031089103
283,Llaima,8LM-338_B16m4,0.079011981
284,Llaima,8LM-338_B16m5,0.044811022
285,Llaima,8LM-338_B17,0.003924409
286,Llaima,8LM-338_B18,0.04931246
287,Llaima,8LM-338_B19,0.150714139
288,Llaima,8LM-338_B2,0.002359576
289,Llaima,8LM-338_B20,0.027807844
290,Llaima,8LM-338_B20b,0.331792771
291,Llaima,8LM-338_B20m,0.075586504
292,Llaima,8LM-338_B20m2,0.452323648
293,Llaima,8LM-338_B23,0.023589468
294,Llaima,8LM-338_B23b,0.01825885
295,Llaima,8LM-338_B24,0.021509877
296,Llaima,8LM-338_B24c,0.10758945
297,Llaima,8LM-338_B25,0.161491555
298,Llaima,8LM-338_B25b,0.053651243
299,Llaima,8LM-338_B25c,0.137856065
300,Llaima,8LM-338_B25d,0.103979526
301,Llaima,8LM-338_B25e,0.042670617
302,Llaima,8LM-338_B25f,0.220588123
303,Llaima,8LM-338_B25g,0.143620833
304,Llaima,8LM-338_B25m,0.038288613
305,Llaima,8LM-338_B4,0.072970948
306,Llaima,8LM-338_B8,0.026242611
307,Llaima,8LM-338_C1,0.090795294
308,Llaima,8LM-338_C10,0.029620997
309,Llaima,8LM-338_C10b,0.079048434
310,Llaima,8LM-338_C10c,0.059257207
311,Llaima,8LM-338_C11,0.068163308
312,Llaima,8LM-338_C11m,0.037543152
313,Llaima,8LM-338_C13,0.146083959
314,Llaima,8LM-338_C13b,0.088731454
315,Llaima,8LM-338_C13c,0.060516496
316,Llaima,8LM-338_C13d,0.077536764
317,Llaima,8LM-338_C13e,0.077962524
318,Llaima,8LM-338_C14,0.196833615
319,Llaima,8LM-338_C14b,0.068582599
320,Llaima,8LM-338_C15,0.017012626
321,Llaima,8LM-338_C17,0.082984298
322,Llaima,8LM-338_C17m,0.042855371
323,Llaima,8LM-338_C1m,0.102938572
324,Llaima,8LM-338_C2,0.015173504
325,Llaima,8LM-338_C7,0.071860602
326,Llaima,8LM-338_C7b,0.107603226
327,Llaima,8LM-338_C7m,0.036042635
328,Llaima,8LM-338_C8,0.057173968
329,Llaima,8LM-338_D1,0.067728736
330,Llaima,8LM-338_D10,0.077240796
331,Llaima,8LM-338_D10b,0.12559993
332,Llaima,8LM-338_D10m,0.199614749
333,Llaima,8LM-338_D11,0.193299464
334,Llaima,8LM-338_D12,0.352717321
335,Llaima,8LM-338_D14,0.026504539
336,Llaima,8LM-338_D14m,0.025439787
337,Llaima,8LM-338_D15,0.089215897
338,Llaima,8LM-338_D15m,0.08427449
339,Llaima,8LM-338_D16,0.093082218
340,Llaima,8LM-338_D1m,0.138734734
341,Llaima,8LM-338_D3,0.097700995
342,Llaima,8LM-338_D3m,0.151002312
343,Llaima,8LM-338_D5,0.243987641
344,Llaima,8LM-338_E3,0.224577326
345,Llaima,8LM-338_E5m,0.233836829
346,Llaima,8LM-338_E7,0.076084474
347,Llaima,8LM-338_E7b,0.125882602
348,Llaima,8LM-338_E7m,0.005571502
349,Llaima,TGL9-14B_A1,0.313441699
350,Llaima,TGL9-14B_A10,0.084578988
351,Llaima,TGL9-14B_A10m,0.095233865
352,Llaima,TGL9-14B_A11,0.116740147
353,Llaima,TGL9-14B_A11m,0.131918191
354,Llaima,TGL9-14B_A2,0.124900554
355,Llaima,TGL9-14B_A2m,0.037004314
356,Llaima,TGL9-14B_A3,0.093434143
357,Llaima,TGL9-14B_A4,0.125180574
358,Llaima,TGL9-14B_A4b,0.06812011
359,Llaima,TGL9-14B_A4m,0.152033708
360,Llaima,TGL9-14B_A5,0.102995558
361,Llaima,TGL9-14B_A5b,0.045435872
362,Llaima,TGL9-14B_A6,0.15388949
363,Llaima,TGL9-14B_A6b,0.064548289
364,Llaima,TGL9-14B_A6c,0.051170031
365,Llaima,TGL9-14B_A6d,0.059724379
366,Llaima,TGL9-14B_A7,0.03087498
367,Llaima,TGL9-14B_A7m,0.136525264
368,Llaima,TGL9-14B_A8,0.058903548
369,Llaima,TGL9-14B_B1,0.140880297
370,Llaima,TGL9-14B_B1m,0.102139943
371,Llaima,TGL9-14B_B2m,0.129635399
372,Llaima,TGL9-14B_B3,0.023781332
373,Llaima,TGL9-14B_B4,0.189921463
374,Llaima,TGL9-14B_B5,0.080976
375,Llaima,TGL9-14B_B5b,0.126628693
376,Llaima,TGL9-14B_B5c,0.051178436
377,Llaima,TGL9-14B_B6,0.071392008
378,Llaima,TGL9-14B_B6b,0.043905122
379,Llaima,TGL9-14B_B6m,0.067279696
380,Llaima,TGL9-14B_C1,0.086150614
381,Llaima,TGL9-14B_C1m,0.147775705
382,Llaima,2008 Llaima,0.127162268
383,Llaima,JK193,0.209814332
384,Llaima,CLD423A,0.192598387
385,Llaima,LL17-4,1.150955767
386,Llaima,LL35-1,0.090424096
387,Llaima,LL9-1,0.151103655
388,Llaima,JK263Bb,0.047630087
389,Llaima,JK263c,0.03447527
390,Llaima,JK201,0.219348042
391,Llaima,JK203,0.23825056
392,Llaima,JK204,0.13821625
393,Llaima,JK205,0.122423801
394,Llaima,JK207a,0.06564383
395,Llaima,JK207b,0.113252356
396,Llaima,JK261,0.036028233
397,Llaima,JK261a,0.075606382
398,Llaima,JK261b,0.039528193
399,Llaima,JK261c,0.062466945
400,Llaima,LLA03,0.258941728
401,Llaima,CLD074C,0.130896809
402,Llaima,CLD074D,0.387487719
403,Llaima,CLD074E,0.187057081
404,Llaima,CLD076A,0.213425534
405,Llaima,CLD076B,0.063943812
406,Llaima,VILLAR1C-I-119,0.097808725
407,Llaima,JK280,0.126157705
408,Llaima,C180,0.110397934
409,Llaima,JK199,0.140504791
410,Llaima,JK196,0.119578759
411,Llaima,JK197,0.105407088
412,Llaima,JK195a,0.106871759
413,Llaima,JK195b,0.099605668
414,Llaima,JK194,0.245646927
415,Llaima,JK200,0.134560723
416,Llaima,JK198,0.163490377
417,Llaima,JK266,0.154948979
418,Llaima,JK267,0.127281037
419,Llaima,JK268,0.175439905
420,Llaima,JK206,0.173260397
421,Llaima,JK208a,0.05505183
422,Llaima,JK208b,0.153986059
423,Llaima,JK208,0.194989409
424,Llaima,JK237,0.055134997
425,Llaima,JK214c,0.10014603
426,Llaima,JK214d,0.061499802
427,Llaima,JK215a,0.196184302
428,Llaima,JK215b,0.170763082
429,Llaima,JK212,0.189151136
430,Llaima,JK213,0.135098972
431,Llaima,JK236,0.182657079
432,Llaima,JK216,0.098113267
433,Llaima,JK217,0.179846483
434,Llaima,JK218,0.141300833
435,Llaima,JK219,0.16726226
436,Llaima,JK220,0.114525987
437,Llaima,JK221,0.073647128
438,Llaima,JK222,0.208404429
439,Llaima,JK223,0.190754015
440,Llaima,JK224,0.15315802
441,Llaima,JK225,0.252010819
442,Llaima,JK226,0.320873168
443,Llaima,JK227,0.196587034
444,Llaima,JK228,0.139815777
445,Llaima,JK235,0.137364134
446,Llaima,JK234,0.159643868
447,Llaima,JK233,0.162541791
448,Llaima,JK232,0.192522209
449,Llaima,JK231,0.07320303
450,Llaima,JK230,0.145465417
451,Llaima,JK240,0.245790678
452,Llaima,JK239,0.060009695
453,Llaima,JK257,0.120051592
454,Llaima,JK258,0.123626915
455,Llaima,JK259,0.150566618
456,Llaima,JK260,0.087181193
457,Llaima,JK262,0.093167063
458,Llaima,JK264,0.245473687
459,Llaima,JK265,0.179646226
460,Melimoyu,MM-2,0.070313246
461,Melimoyu,MM-3,0.071527984
462,Melimoyu,MM-4,0.095157076
463,Melimoyu,MM-5,0.087070102
464,Melimoyu,MM-6,0.113138263
465,Melimoyu,MM-7,0.217158918
466,Melimoyu,MM-8,0.578636199
467,Melimoyu,MM-9,0.506002727
468,Melimoyu,MM-1,0.059233586
469,Melimoyu,MM-12,0.11099854
470,Melimoyu,MM-13,0.156728289
471,Mentolat,Q1,0.354541008
472,Mentolat,RM,0.755085041
488,Michinmahuida,"0201DT8, 1804 cm",0.071602291
489,Michinmahuida,LAZ-T7A,0.158077617
490,Michinmahuida,LAZ-T7B,0.464834878
491,Michinmahuida,T8/100,0.235063035
492,Michinmahuida,14.68m,0.573901862
493,Michinmahuida,14J13 S4-2,0.126484338
494,Michinmahuida,14J13 S4-3,0.242334157
495,Michinmahuida,14J13 S5-1,0.16260332
496,Michinmahuida,Pum-4-9,1.262441968
497,Michinmahuida,T12/100,0.273971433
498,Michinmahuida,T14/100,0.227299951
499,Michinmahuida,T15/100,0.301600144
500,Michinmahuida,T2/100,0.364041746
501,Michinmahuida,T4/100,0.38155607
502,Michinmahuida,T5/100,0.188246701
503,Michinmahuida,T6/100,0.342351238
504,Michinmahuida,T6/100 (base),0.197172145
505,Michinmahuida,T7/100,0.320821426
506,Mocho-Choshuenco,040300-2C,0.071705589
507,Mocho-Choshuenco,070114-8C,0.069476016
508,Mocho-Choshuenco,080114-8B,0.051647271
509,Mocho-Choshuenco,116_09H,0.111110167
510,Mocho-Choshuenco,123_03A,0.086740688
511,Mocho-Choshuenco,CAL1A-I-36.5,0.062820585
512,Mocho-Choshuenco,CALA01-69.5,0.061269447
513,Mocho-Choshuenco,CAL2A-I-13.5,0.090621404
514,Mocho-Choshuenco,CALA02-63,0.079501163
515,Mocho-Choshuenco,CALSC01-60,0.075742501
516,Mocho-Choshuenco,CALSC02-46,0.107667936
517,Mocho-Choshuenco,020300-2B,0.124460598
518,Mocho-Choshuenco,040300-1D,0.135879665
519,Mocho-Choshuenco,080114-6A,0.209270522
520,Mocho-Choshuenco,080114-7,0.191375096
521,Mocho-Choshuenco,100114-2B,0.118093191
522,Mocho-Choshuenco,123_03B,0.101876617
523,Mocho-Choshuenco,130117-04A,0.136030633
524,Mocho-Choshuenco,130131-06A,0.09239876
525,Mocho-Choshuenco,130203-01B,0.126779947
526,Mocho-Choshuenco,150114-4A,0.177452068
527,Mocho-Choshuenco,4T2,0.186572906
528,Mocho-Choshuenco,4T6,0.190703528
529,Mocho-Choshuenco,4T5,0.093056771
530,Mocho-Choshuenco,10N1,0.169208778
531,Mocho-Choshuenco,115_01h,0.198395745
532,Mocho-Choshuenco,115_04E,0.131195072
533,Mocho-Choshuenco,115_04f,0.176503371
534,Mocho-Choshuenco,302_03B,0.102469132
535,Mocho-Choshuenco,020300-1,0.091048706
536,Mocho-Choshuenco,080114-6C,0.265692091
537,Mocho-Choshuenco,090114-2,0.066969685
538,Mocho-Choshuenco,120114-11,0.096985511
539,Mocho-Choshuenco,CLD153A,0.112087346
540,Mocho-Choshuenco,GSD5-E,0.191265062
541,Mocho-Choshuenco,302_03c,0.104599052
542,Mocho-Choshuenco,6M6,0.0608292
543,Mocho-Choshuenco,100114-3C,0.104063703
544,Mocho-Choshuenco,100114-3D,0.095871293
545,Mocho-Choshuenco,100114-5A,0.107562392
546,Mocho-Choshuenco,100114-5B,0.126275651
547,Mocho-Choshuenco,120114-13F,0.11533761
548,Mocho-Choshuenco,120114-13G,0.092431907
549,Mocho-Choshuenco,130107-05E,0.081897315
550,Mocho-Choshuenco,130107-05F,0.195623904
551,Mocho-Choshuenco,130107-05G,0.237904525
552,Mocho-Choshuenco,130114-1G,0.116423221
553,Mocho-Choshuenco,130117-08A,0.120418198
554,Mocho-Choshuenco,130126-06B,0.119258892
555,Mocho-Choshuenco,140114-5C,0.091012566
556,Mocho-Choshuenco,150114-7C,0.091541274
557,Mocho-Choshuenco,130120-06A,0.113034936
558,Mocho-Choshuenco,115_03a,0.175824757
559,Mocho-Choshuenco,115_03e,0.122399023
560,Mocho-Choshuenco,115_03f,0.099789321
561,Mocho-Choshuenco,140114-5D,0.378012273
562,Mocho-Choshuenco,120114-6C,0.181980684
563,Mocho-Choshuenco,130108-01B,0.176680787
564,Mocho-Choshuenco,130108-03J,0.12775964
565,Mocho-Choshuenco,130111-09A,0.177300551
566,Mocho-Choshuenco,130111-12Aii,0.21412334
567,Mocho-Choshuenco,130121-09A,0.176060793
568,Mocho-Choshuenco,140114-2B,0.178436244
569,Mocho-Choshuenco,229_02a,0.320012318
570,Mocho-Choshuenco,7F1,0.189552054
571,Mocho-Choshuenco,7F2,0.268852139
572,Mocho-Choshuenco,140114-5E,0.150320426
574,Mocho-Choshuenco,6M5,0.083252414
575,Mocho-Choshuenco,115_04c,0.10900545
576,Mocho-Choshuenco,116_10d,0.114475687
577,Mocho-Choshuenco,120114-13A,0.30251168
578,Mocho-Choshuenco,116_10eii,0.054427191
579,Mocho-Choshuenco,124_02f,0.08358035
580,Mocho-Choshuenco,040300-2B,0.254405007
581,Mocho-Choshuenco,070114-6,0.259949939
582,Mocho-Choshuenco,130108-05C,0.186167198
583,Mocho-Choshuenco,115_01ci,0.173281849
584,Mocho-Choshuenco,115_01cii,0.143284538
585,Mocho-Choshuenco,115_01d,0.25762781
586,Mocho-Choshuenco,130114-1E,0.114532046
587,Mocho-Choshuenco,140114-5G,0.224114904
588,Mocho-Choshuenco,226_05A,0.178233843
589,Mocho-Choshuenco,010300-1A,0.259967368
590,Mocho-Choshuenco,030114-1,0.189630084
591,Mocho-Choshuenco,030114-4,0.145919847
592,Mocho-Choshuenco,040114-2B,0.257596976
593,Mocho-Choshuenco,040114-2C,0.200663176
594,Mocho-Choshuenco,113_06D,0.269131317
595,Mocho-Choshuenco,120114-13B,0.177785753
596,Mocho-Choshuenco,130120-16A,0.248876596
598,Mocho-Choshuenco,130130-05B,0.207623131
600,Mocho-Choshuenco,130130-05D,0.208197936
601,Mocho-Choshuenco,140114-3B,0.236743781
602,Mocho-Choshuenco,140114-3C,0.280970077
603,Mocho-Choshuenco,140114-3D,0.302816624
604,Mocho-Choshuenco,150114-1A,0.263784143
605,Mocho-Choshuenco,150114-1B,0.227850057
606,Mocho-Choshuenco,150114-7A,0.226740758
607,Mocho-Choshuenco,CLD051A,0.220260933
608,Mocho-Choshuenco,CLD158A,0.233434442
609,Mocho-Choshuenco,CLD160S,0.348007478
610,Mocho-Choshuenco,CLD160T,0.221860794
611,Mocho-Choshuenco,CLD160U,0.232171122
612,Mocho-Choshuenco,CLD163F,0.281905137
613,Mocho-Choshuenco,CLD168I,0.206547459
614,Mocho-Choshuenco,CLD168J,0.323805551
615,Mocho-Choshuenco,CLD175B,0.24935104
616,Mocho-Choshuenco,CLD182C,0.341813878
617,Mocho-Choshuenco,LR0901B-T7-25,0.340242884
618,Mocho-Choshuenco,"LR0901B-T7-26,5",0.353227794
619,Mocho-Choshuenco,LR0901B-T7-30,0.272866595
620,Mocho-Choshuenco,LR0901B-T7-37,0.28507683
621,Mocho-Choshuenco,VILLAR1C-II-37,0.278810451
622,Mocho-Choshuenco,117_01B,0.261207122
623,Mocho-Choshuenco,12313_07a,0.231003332
624,Mocho-Choshuenco,6M2,0.183922551
625,Mocho-Choshuenco,6M4,0.228755283
627,Mocho-Choshuenco,030300-3,0.189716137
628,Mocho-Choshuenco,100114-3A,0.213661905
629,Mocho-Choshuenco,120114-13D,0.143971975
630,Mocho-Choshuenco,130107-05I,0.298410586
631,Mocho-Choshuenco,130107-05Ji,0.189315816
632,Mocho-Choshuenco,130107-05K,0.210696804
633,Mocho-Choshuenco,130107-05L,0.283995481
634,Mocho-Choshuenco,130114-1A,0.13695011
635,Mocho-Choshuenco,130114-1B,0.202345899
636,Mocho-Choshuenco,130114-1C,0.175515652
637,Mocho-Choshuenco,130114-1D,0.262486602
638,Mocho-Choshuenco,130203-01A,0.180018356
639,Mocho-Choshuenco,140114-3E,0.246199059
640,Mocho-Choshuenco,220198-2A,0.174223403
641,Mocho-Choshuenco,070114-8D,0.188263635
642,Mocho-Choshuenco,080114-8C,0.061049605
643,Mocho-Choshuenco,110114-5i,0.143763515
644,Mocho-Choshuenco,150114-5,0.143871839
645,Mocho-Choshuenco,12F7,0.109152473
646,Monte Burney,AR-1D,0.456221512
647,Monte Burney,PROXAVZ2-MB1-BF-370,0.302221785
648,Monte Burney,EO-2D,0.151137096
649,Monte Burney,T-1,0.431744997
650,Monte Burney,ROH-2B,0.158767086
651,Monte Burney,AVZ3-MB1-90_23W,1.109482882
654,Monte Burney,PROXAVZ2-MB1-93-21W,0.17979308
655,Monte Burney,PROXAVZ2-MB1-TOM-GOLD,0.185440291
656,Monte Burney,RR-2B,0.442456119
658,Monte Burney,EO-1C,0.416849226
659,Monte Burney,EO-2L,0.989580697
660,Monte Burney,PA-1B,0.192685958
661,Monte Burney,RTB-1B,0.671572527
662,Monte Burney,MB2_93-07,1.145255692
663,Monte Burney,PROXAVZ1-MB2-90-16,0.141642084
666,Monte Burney,AR-1B,0.307262132
667,Monte Burney,B-13,0.217441116
668,Monte Burney,T-30,0.556552919
669,Monte Burney,T-33,0.439010453
670,Monte Burney,B-77,0.766840125
671,Monte Burney,T-34,0.221879741
672,Monte Burney,T-36,0.225764471
673,Monte Burney,T-38,0.282978615
674,Monte Burney,T-39,0.266266214
675,Monte Burney,T-49,0.226097208
676,Monte Burney,T-50,0.193911106
677,Monte Burney,T-52,0.223244597
678,Osorno,41.7-42.1 cm,0.357991814
679,Osorno,CLD339A,0.058602794
680,Puyehue-Cordón Caulle,CAL2A-I-44.5,0.201098602
681,Puyehue-Cordón Caulle,CALA02-103.5,0.135565625
682,Puyehue-Cordón Caulle,CALSC01-100.3,0.193598618
683,Puyehue-Cordón Caulle,CLD241A,0.107455496
684,Puyehue-Cordón Caulle,CLD241B,0.150247735
685,Puyehue-Cordón Caulle,CLD241C,0.260179674
686,Puyehue-Cordón Caulle,CLD241D,0.076100824
687,Puyehue-Cordón Caulle,CLD248F,0.086249448
688,Puyehue-Cordón Caulle,CLD248H,0.085871475
689,Puyehue-Cordón Caulle,CLD252A,0.079218973
690,Puyehue-Cordón Caulle,CLD252B,0.063012352
691,Puyehue-Cordón Caulle,CLD312A,0.162982798
692,Puyehue-Cordón Caulle,CLD325A,0.105926404
693,Puyehue-Cordón Caulle,CLD325B,0.086554808
694,Puyehue-Cordón Caulle,RIN2A-II-3,0.175005752
695,Puyehue-Cordón Caulle,VILLSC02-78,0.545057739
696,Puyehue-Cordón Caulle,CLD243B,0.080764276
697,Puyehue-Cordón Caulle,CLD244E,0.026903929
698,Puyehue-Cordón Caulle,PII-D_1,0.109864243
699,Puyehue-Cordón Caulle,PII-D_3,0.061219871
700,Puyehue-Cordón Caulle,CLD247D,0.064772908
701,Puyehue-Cordón Caulle,8.3-8.6 cm,0.119672665
702,Puyehue-Cordón Caulle,4.5-5 cm,0.401129954
703,Puyehue-Cordón Caulle,PuT4,0.173019196
704,Puyehue-Cordón Caulle,CAL3B-II-69,0.14808981
705,Puyehue-Cordón Caulle,CLD160H,0.105287951
706,Puyehue-Cordón Caulle,CLD244C,0.089614111
707,Puyehue-Cordón Caulle,CLD247A,0.081923677
708,Puyehue-Cordón Caulle,CLD238A,0.072362243
709,Puyehue-Cordón Caulle,PCC-1,0.137579228
710,Puyehue-Cordón Caulle,PCC-10,0.09940997
711,Puyehue-Cordón Caulle,PCC-11,0.116442954
712,Puyehue-Cordón Caulle,PCC-12,0.078416382
713,Puyehue-Cordón Caulle,PCC-14,0.140822738
714,Puyehue-Cordón Caulle,PCC-15,0.128198647
715,Puyehue-Cordón Caulle,PCC-16,0.164105238
716,Puyehue-Cordón Caulle,PCC-18,0.104632824
717,Puyehue-Cordón Caulle,PCC-19,0.138947363
718,Puyehue-Cordón Caulle,PCC-2,0.098297018
719,Puyehue-Cordón Caulle,PCC-20,0.103418968
720,Puyehue-Cordón Caulle,PCC-4,0.141167159
721,Puyehue-Cordón Caulle,PCC-6,0.080950718
722,Puyehue-Cordón Caulle,PCC-7,0.091936677
723,Puyehue-Cordón Caulle,PCC-8,0.141644622
724,Puyehue-Cordón Caulle,PA12CCT17,0.162694157
725,Puyehue-Cordón Caulle,PA12CCT18,0.162554851
726,Puyehue-Cordón Caulle,PA12CCT35,0.19953598
727,Puyehue-Cordón Caulle,PU12CCT05,0.109276948
728,Puyehue-Cordón Caulle,PU12CCT06,0.139420119
729,Puyehue-Cordón Caulle,PU12CCT07,0.107993247
730,Puyehue-Cordón Caulle,CAL2A-IV-35,0.08466749
731,Puyehue-Cordón Caulle,RIN2B-IV-30.5,0.1001824
732,Puyehue-Cordón Caulle,CAL2A-VI-34,0.09578671
733,Puyehue-Cordón Caulle,CAL3B-I-29,0.113545616
734,Puyehue-Cordón Caulle,CLD154E,0.070615623
735,Puyehue-Cordón Caulle,CLD239A,0.056562631
736,Puyehue-Cordón Caulle,CLD249A,0.10071155
737,Puyehue-Cordón Caulle,CLD253A,0.062763664
738,Puyehue-Cordón Caulle,CLD255A,0.081246813
739,Puyehue-Cordón Caulle,CLD312B,0.074741826
740,Puyehue-Cordón Caulle,CLD416A,0.082837438
741,Puyehue-Cordón Caulle,"RIN2B-VI-60,5",0.143141829
742,Puyehue-Cordón Caulle,VILLAR1B-II-38.5,0.076771542
743,Puyehue-Cordón Caulle,CAL2A-V-41.5,0.219057923
744,Puyehue-Cordón Caulle,CLD247B,0.072544343
745,Puyehue-Cordón Caulle,47.4-48.6 cm,0.181390432
746,Puyehue-Cordón Caulle,RIN2B-III-22.5,0.136123871
747,Puyehue-Cordón Caulle,RIN2B-IV-42,0.086021175
748,Puyehue-Cordón Caulle,RIN2B-V-18,0.150993047
749,Puyehue-Cordón Caulle,PuT13,0.24230141
750,Puyehue-Cordón Caulle,PuT15,0.146221229
751,Puyehue-Cordón Caulle,PuT17,0.115309541
752,Puyehue-Cordón Caulle,PuT5,0.127569847
753,Puyehue-Cordón Caulle,RuT6,0.079569782
754,Quetrupillán,CLD037A,0.079172534
755,Quetrupillán,CLD038B,0.109948619
756,Quetrupillán,CLD164A,0.186125264
757,Quetrupillán,CLD166B,0.13036804
758,Quetrupillán,CLD166C,0.162808803
759,Quetrupillán,CLD166D,0.155394043
760,Quetrupillán,CLD167A,0.176435889
761,Quetrupillán,CLD168B,0.134743605
762,Quetrupillán,CLD168C,0.116017629
763,Quetrupillán,CLD171A,0.132396402
764,Quetrupillán,CLD171B,0.084828204
765,Quetrupillán,CLD175A,0.081885503
766,Quetrupillán,CLD177B,0.072951914
767,Quetrupillán,CLD179C,0.070297891
768,Quetrupillán,CLD182F,0.123228105
769,Quetrupillán,CLD186A,0.095305986
770,Quetrupillán,CLD402C,0.105684115
771,Quetrupillán,CLD403B,0.164422767
772,Quetrupillán,CLD163B,0.23104044
773,Quetrupillán,CLD168R,0.176242136
774,Quetrupillán,CLD168T,0.220882589
775,Quetrupillán,CLD175D,0.25394278
776,Quetrupillán,CLD168P,0.346695963
777,Quetrupillán,CLD182A,0.472466818
778,Quetrupillán,CLD411A,0.316942581
779,Quetrupillán,CLD163D,0.551964946
780,Quetrupillán,CLD168M,0.4286218
781,Quetrupillán,CLD175C,0.566796483
782,Quetrupillán,CLD182B,0.494052658
783,Quetrupillán,CLD177D,0.1271485
784,Quetrupillán,CLD179A,0.106217998
785,Quetrupillán,CLD182G,0.105188796
786,Quetrupillán,CLD193A,0.12374001
787,Quetrupillán,CLD194B,0.14215131
788,Quetrupillán,CLD198A,0.223860658
789,Quetrupillán,CLD159A,0.550724471
790,Quetrupillán,CLD160M,0.469880595
791,Quetrupillán,CLD160N,0.441832118
792,Quetrupillán,CLD166E,0.309548361
793,Quetrupillán,CLD166F,0.111082875
794,Quetrupillán,CLD171C,0.167439486
795,Quetrupillán,CLD184D,0.08762368
796,Quetrupillán,CLD194A,0.376819592
797,Quetrupillán,CLD197A,0.475989971
798,Quetrupillán,CLD402B,0.144897353
799,Quetrupillán,CLD403A,0.157347432
800,Quetrupillán,CLD404A,0.187792509
801,Quetrupillán,CLD404B,0.459192901
802,Reclus,BF636,0.480125835
803,Reclus,EO-2B,0.517509343
804,Reclus,T-24,0.522131421
805,Reclus,RTB-2B,0.591095498
806,Reclus,PROXAVZ1-R1-90-06,0.571550558
807,Reclus,PROXAVZ1-R1-RioTurbio,0.70054356
808,Reclus,3AR,0.152956526
809,Reclus,CS-103,0.254454334
810,Reclus,PAT-14,0.438703116
811,Reclus,LA-1B,0.628017361
812,Reclus,T-25,0.306175763
813,Reclus,T-43,0.904261943
814,Reclus,T-44,0.470038343
815,Reclus,T-45,0.277864798
816,Sollipulli,CLD064B,0.186172404
817,Sollipulli,CLD065B,0.188224336
818,Sollipulli,VILLAR1B-I-58,0.200747419
820,Villarrica,CLD025A,0.093440941
821,Villarrica,CLD025B,0.071356529
822,Villarrica,CLD412A,0.078894194
823,Villarrica,CLD412B,0.073960229
824,Villarrica,CLD408A,0.124119163
825,Villarrica,VILLAR8C-II-116,0.106464997
826,Villarrica,VR4,0.940862708
827,Villarrica,VR5-2,0.76781225
828,Villarrica,VR5-3b,0.29793401
829,Villarrica,VR62A1,0.086145777
830,Villarrica,CLD026C,0.163525735
831,Villarrica,CLD034C,0.135740662
832,Villarrica,CLD034D,0.114971502
833,Villarrica,CLD034E,0.170690673
834,Villarrica,CLD041B,0.086568494
835,Villarrica,CLD047A,0.141440594
836,Villarrica,CLD167D,0.228703163
837,Villarrica,CLD168E,0.088618718
838,Villarrica,CLD168F,0.098340989
839,Villarrica,CLD182D,0.137312002
840,Villarrica,CLD182E,0.171973715
841,Villarrica,CLD406E,0.103602717
842,Villarrica,LR0901B-T4-21,0.224449581
843,Villarrica,VILL1C-II-55,0.259159424
844,Villarrica,VILLAR1B-I-91,0.256744248
845,Villarrica,CAL1A-VI-42,0.216103312
846,Villarrica,CAL1A-VI-62,0.163836365
847,Villarrica,CAL1B-II-12,0.153117057
848,Villarrica,CAL2A-III-16.5,0.188602655
849,Villarrica,CAL2A-III-48.5,0.196606018
850,Villarrica,CAL2A-IV-54,0.302860263
851,Villarrica,CAL2A-V-29.5,0.266998798
852,Villarrica,CAL2A-VI-70.5,0.298772369
853,Villarrica,CAL3B-I-58,0.333370089
854,Villarrica,CAL3B-VI-42.5,0.274029954
855,Villarrica,CALA02-13,0.251063212
856,Villarrica,CALA02-44.5,0.174801169
857,Villarrica,CLD056B,0.170144613
858,Villarrica,CLD139A,0.309315595
859,Villarrica,CLD160E,0.261841457
860,Villarrica,CLD160F,0.233975987
861,Villarrica,LR0901B-T2-8,0.146824818
862,Villarrica,LR0901B-T4-31,0.079036141
863,Villarrica,LR0901B-T5-1,0.290330333
864,Villarrica,Ri6-43.5,0.249862833
865,Villarrica,VILL1C-I-23,0.262533883
866,Villarrica,VILL1D-I-15A,0.175719847
867,Villarrica,VILL1D-I-15B,0.139497685
868,Villarrica,VILL1G-II-14,0.21327956
869,Villarrica,VILL1G-II-65,0.237543498
870,Villarrica,VILL2C-II-25,0.136437409
871,Villarrica,VILL2C-II-58,0.133084677
872,Villarrica,VILLAR1B-I-109,0.139755216
873,Villarrica,VILLAR1B-II-36,0.192753666
874,Villarrica,VILLAR1C-I-1,0.092668887
875,Villarrica,VILLAR1C-II-57,0.131665843
876,Yate,HLC-8,0.589159285
877,Yate,N50,0.455500808
878,Yate,V135,0.300135275
